"ai details","released date","read time"
" AI in Marketing: The Trends, Examples, Tips, and Tools ","July 21, 2023","27 Min Read"
" 10 Shocking ChatGPT Plugins in 2023 ","July 19, 2023","13 Min Read"
" 8 AI Graphic Design Tools and Tips to 10X Your Efficiency ","July 18, 2023","20 Min Read"
" 10 Applications of AI in Market Research (+ 4 Tools from the Future) ","July 25, 2023","12 Min Read"
" The Best AI Image Generators for Your Website (Blog or Shop) ","July 14, 2023","18 Min Read"
" 7 Best Conversational AI Chatbots for Ecommerce in 2023 ","July 11, 2023","22 Min Read"
" AI in Ecommerce: Personalization, Fraud Detection, and More ","June 28, 2023","19 Min Read"
" 11 Best AI Video Editors to Get Faster and Better Results ","June 21, 2023","21 Min Read"
" Rank Math vs All in One SEO: The WordPress SEO Plugin Battle ","June 14, 2023","23 Min Read"
" 7 Must-Try AI Prompt Generators to Boost Your Creativity ","June 9, 2023","12 Min Read"
" Yoast Premium vs Free: Is Yoast Premium Worth It? ","June 8, 2023","17 Min Read"
" All in One SEO vs Yoast: The WordPress SEO Plugin Battle ","June 7, 2023","24 Min Read"
